--
-- Script was generated by Devart dbForge Data Generator for MySQL, Version 2.4.287.0
-- Product Home Page: http://www.devart.com/dbforge/mysql/data-generator
-- Script date 24.11.2020 20:29:56
-- Target server version: 8.0.21
-- Target connection string: User Id=root;Host=localhost;Database=mydb;Character Set=utf8
--



SET NAMES 'utf8';
USE mydb;
--
-- Delete data from the table 'props'
--
TRUNCATE TABLE props;
--
-- Delete data from the table 'order'
--
TRUNCATE TABLE `order`;
--
-- Delete data from the table 'message'
--
TRUNCATE TABLE message;
--
-- Delete data from the table 'appeal_ticket'
--
TRUNCATE TABLE appeal_ticket;
--
-- Delete data from the table 'wallet'
--
DELETE FROM wallet;
--
-- Delete data from the table 'offer'
--
DELETE FROM offer;
--
-- Delete data from the table 'dialog'
--
DELETE FROM dialog;
--
-- Delete data from the table 'user'
--
DELETE FROM user;
--
-- Delete data from the table 'tariff'
--
DELETE FROM tariff;
--
-- Delete data from the table 'reception_point'
--
TRUNCATE TABLE reception_point;
--
-- Delete data from the table 'question_answer'
--
TRUNCATE TABLE question_answer;
--
-- Delete data from the table 'parking'
--
DELETE FROM parking;
--
-- Delete data from the table 'consultant'
--
DELETE FROM consultant;
--
-- Delete data from the table 'auto'
--
DELETE FROM auto;
--
-- Delete data from the table 'additional_service'
--
DELETE FROM additional_service;

--
-- Inserting data into table additional_service
--
INSERT INTO additional_service(add_service_id, price, title, description, type_of_service) VALUES
(1, 432, '00A848', 'Praesentium excepturi architecto ipsum possimus. Dolore molestiae omnis nihil. Aliquid perspiciatis qui. Ea sed nam; accusantium ipsam ut. Soluta.', 'type2'),
(2, 6968319, 'KWUQ7', 'Quam odit provident dolor. Natus error velit consequatur hic vero ut! Est nemo molestiae adipisci qui quia ipsam.', 'type1'),
(3, 7685069, '4', 'Qui tempora nisi similique laboriosam illum nesciunt. Unde similique omnis voluptatem sit nisi ipsum. Illum accusantium sit quia quidem; in et fuga.', 'type2'),
(4, 1135855, 'T3NO40JEX', 'Neque amet ut. Natus quis ratione. Itaque tempore ut. Enim impedit magnam. Quo consectetur temporibus! Excepturi debitis perspiciatis. Quis et expedita!', 'type3'),
(5, 8534816, '3L', 'Quo et consectetur. Omnis dolorem delectus quo corporis suscipit officiis; incidunt saepe vel nostrum ex et sed.', 'type3'),
(6, 2201870, 'Q8S', 'Unde ipsa sint fugit. Et tenetur error deserunt aspernatur sit error. Perspiciatis voluptas nobis dolor eos illum dolor!', 'type2'),
(7, 7654331, 'I', 'Et dolorem minus. Quasi non nesciunt! Minus alias suscipit. Laboriosam tenetur consectetur. Quia eaque enim! Minus nam vel. Voluptatum veniam fuga. Ipsum.', 'type2'),
(8, 2255179, '15W45', 'Unde quia dolorem. Molestias fuga dolor. Laudantium commodi dolor. Qui dicta mollitia. Tempore qui ut. Quia facere nesciunt! Veniam possimus nihil; nihil.', 'type3'),
(9, 63, '75I', 'Aut et aut. Animi delectus tenetur! Cum omnis consequatur? Explicabo ut et! Facilis aliquam aspernatur. Qui labore facilis. Ad nesciunt pariatur! Nisi.', 'type1'),
(10, 5725662, '527T', 'Quas nam ut facilis. Omnis dicta aut non ut iste deserunt; et laboriosam corporis unde est voluptatem fugit.', 'type3'),
(11, 5483199, 'R7', 'Sit nihil autem. Ut velit repellat eaque non perspiciatis unde? Eos nostrum amet eum qui ea aut.', 'type1'),
(12, 4, 'D8', 'Corrupti aliquam ut enim blanditiis et officia.', 'type2'),
(13, 409718, '0', 'Nulla quas aut. Consequatur quis quia. Velit enim quidem! Et ab eaque. Voluptates ea sint. Magnam distinctio omnis. Corporis excepturi enim.', 'type2'),
(14, 0, 'X', 'Nesciunt magnam iste. Eos repudiandae delectus! Quia blanditiis molestiae. Modi sunt atque! Quas nulla non. Quia maxime et. Placeat fugiat eligendi? Aliquam.', 'type3'),
(15, 6269949, 'E9', 'Voluptatibus omnis corrupti ipsam. Fugit corrupti molestiae odit cupiditate vero quo. Fuga et quos voluptatibus natus maxime. Enim quae et!', 'type3'),
(16, 6434411, 'DL2Q507C026274', 'Sit sed exercitationem. Sit quia doloremque. Perspiciatis est rerum! Neque fugit tempora? Sed repellat sit. Minima voluptas expedita. Ut beatae id. Quam!', 'type3'),
(17, 8493263, 'Y', 'In sed consequatur soluta sit voluptates ut. Hic error officiis. Tenetur culpa quidem numquam; sunt voluptatem optio accusantium? Asperiores magnam culpa.', 'type2'),
(18, 941, '7E8W7RH', 'Sit doloribus aspernatur consectetur reprehenderit. Ea voluptas enim. Omnis distinctio alias. Ut qui quasi ullam vitae voluptates adipisci.', 'type3'),
(19, 3577678, 'CC5M970G', 'Quaerat doloremque sunt quo optio perspiciatis omnis. Qui alias ut consectetur reprehenderit rerum est!', 'type3'),
(20, 82, '3PJQO10XA', 'Omnis numquam aut voluptatem dolor minima non. Quia vitae sed! Ut inventore et. Doloremque illo molestiae. Dolorum ut commodi. Et ut minima.', 'type3'),
(21, 4512240, '4X', 'Quod et non ab debitis quos totam.', 'type3'),
(22, 2948515, '306P', 'Consectetur accusamus ut omnis ex aliquid rem.', 'type1'),
(23, 4601663, '44GU1J34', 'Sequi nesciunt repellat. Qui voluptas nesciunt? A repudiandae quaerat! Ut fuga laboriosam; optio sit optio; qui et ut. Fuga consequatur ut. Sunt officiis?', 'type1'),
(24, 3815037, 'HN4', 'Possimus veritatis aut pariatur sapiente error. Necessitatibus sed ipsa. Sed sint unde! Doloremque omnis saepe. Qui magnam voluptatem? Perferendis quia.', 'type2'),
(25, 312, 'N3USVDC', 'Nesciunt magnam iure error iste perspiciatis ut.', 'type3'),
(26, 259606, 'UE7230Q', 'Natus et quas. Modi accusamus unde. Nesciunt eaque in! Nesciunt dicta ipsa. Facilis amet enim! Sunt ut sed. Molestiae dolores consequatur! Aut quia rem.', 'type2'),
(27, 2959394, 'K', 'Distinctio modi in. Vitae neque ut in. Rerum quisquam iusto et! Sunt unde nostrum adipisci voluptatem veritatis perspiciatis. Animi iste expedita. Et eum.', 'type3'),
(28, 87, 'C', 'Voluptatem sit quod. Dolore et rerum! Aut sunt totam; assumenda nesciunt natus. Excepturi sit praesentium! Earum quia inventore; ipsa ullam sed. Sit!', 'type2'),
(29, 6972919, 'ZD65Y4N545KJ2I', 'Odit hic sit. Rem dolor recusandae possimus dolorum eveniet officiis. Quisquam molestiae a quia consectetur. Culpa autem deserunt odit ut.', 'type3'),
(30, 97, '1A', 'Iure sit excepturi fugit omnis natus adipisci. Natus consequatur minima eos ea necessitatibus sapiente.', 'type3'),
(31, 4668537, '26', 'Ullam praesentium consequuntur. Mollitia nisi debitis alias! Eligendi iusto eius atque ut? Possimus quasi praesentium rerum qui nobis illum.', 'type3'),
(32, 5946906, '9XWQ', 'Ea veritatis et vero amet qui nemo.', 'type3'),
(33, 1725587, '375', 'Exercitationem aliquam incidunt. Quod quidem rem; quae voluptatem incidunt. Inventore et architecto. Eum dolorem necessitatibus! Necessitatibus qui molestias.', 'type3'),
(34, 3617, 'M4U0E', 'Quasi et quaerat consectetur veniam itaque non; eveniet quae nulla perspiciatis quas nobis iure. Est eveniet voluptatem mollitia! Est alias modi.', 'type1'),
(35, 1519040, '85J6W', 'Reprehenderit facilis ut iusto sed impedit. Maiores qui quidem! Molestias est officiis; qui eaque praesentium omnis? Aut id ut rerum dolorem enim voluptatem.', 'type3'),
(36, 1644228, '5W4C', 'Alias molestiae omnis natus. Tenetur consequatur iusto natus. Autem molestiae architecto aut consequatur. Qui quis odio qui dolorum voluptatem.', 'type3'),
(37, 1849020, 'L4223', 'Soluta beatae omnis. Qui nobis dolor. Velit dolorem error! Rerum numquam et. Aliquid reprehenderit odio. Est libero omnis. Autem unde nemo! Voluptas qui et.', 'type3'),
(38, 237583, 'I7H', 'Blanditiis vel ex ducimus molestias dolorem iste.', 'type1'),
(39, 9507575, 'DXG', 'Obcaecati nihil nam quo optio. Dolorum molestiae ut veritatis. Ut animi non ullam aperiam! Autem officiis quia illo vero officiis odio. Assumenda quisquam.', 'type3'),
(40, 5696352, '4MZ3F49', 'Et quis aut. Ea neque repellat? Temporibus et quaerat. Sit facilis blanditiis! Perferendis quisquam saepe. Fuga animi voluptatem; unde ut quidem. Quam facere!', 'type3'),
(41, 4320409, 'I', 'Exercitationem culpa nostrum nesciunt voluptate. Molestiae consectetur eligendi sit ut enim nobis. Hic amet adipisci. Mollitia quia dicta. Et quibusdam sed.', 'type2'),
(42, 6618679, 'I', 'Quia et soluta. Quis error ullam! Neque possimus voluptatem. Dolor enim omnis. Repellat aperiam quis; eligendi et laudantium; explicabo laborum aliquid.', 'type3'),
(43, 4956066, 'S', 'Voluptatem fugit tenetur omnis tenetur dolorum rerum; itaque dolor laudantium dolor dolore aut quisquam.', 'type3'),
(44, 7767293, 'Y', 'Modi aut harum sint quia sint est.', 'type2'),
(45, 141, '9', 'Assumenda voluptatibus iste et. Deleniti praesentium velit libero qui in rem. Similique tempora praesentium quas quis corporis rem.', 'type2'),
(46, 8340726, 'NB4RU8V', 'Architecto illo voluptatem. Delectus id corporis. Magni quisquam fugit! Exercitationem suscipit et. Ut dolore aut! Dolorum error distinctio? Maiores suscipit!', 'type3'),
(47, 181055, 'XGE9409', 'Doloribus dicta corporis omnis accusamus vitae non. Magnam a hic similique fugiat quo voluptas.', 'type3'),
(48, 3163838, 'ZWCF8', 'Omnis quas ut repudiandae dolorem sit et. Et corporis ipsam. Iste voluptas modi. Pariatur optio dolores. Iste nesciunt odit. Rerum ad ratione.', 'type2'),
(49, 6268827, 'X4544S', 'Est commodi aut. Voluptatem maiores quod. Quia eaque id. Quia ex dolores! Amet sit odio. Enim aut dolor; consequuntur illo molestias; natus velit voluptatem.', 'type2'),
(50, 9914, 'P0V27', 'Provident et voluptas; quia necessitatibus quia. Velit sit non! Illo voluptatem harum. Tempora sequi et? Quia eum voluptatem. Ea vero repellendus? Architecto.', 'type2');

--
-- Inserting data into table auto
--
INSERT INTO auto(id_auto, manufacturer, mileage, power, equipment, body_type, production_year, number) VALUES
(1, 'W', -2121765141, -1152206898, '7782C8B', 'LQ', 2025, '56857'),
(2, 'X2706O1H', -880097896, 69, '8', 'YL8', 2009, '08272'),
(3, 'VS83M9', -460715356, 8, '7', '8117Q37', 2008, '71802'),
(4, '3P', -1934848011, -189, 'X1465AOEX9BT', '260178C277', 2016, '46790'),
(5, '3', -202577005, 0, '4SCUB3L1', 'YL63L8Q10', 2023, '30199'),
(6, 'BR3', -1656423974, -43693409, '83RV', 'S0Y', 2026, '96161'),
(7, 'BMO0MN8A', -648441972, -43612769, 'H4', '0K1', 2019, '43675'),
(8, '5', -1497063034, -253056049, 'S7', '7', 2022, '05134'),
(9, '9YZ', -53, -1186503570, '2', 'P', 2011, '39121'),
(10, '2', -29, -1099027689, '1JC7168', '04', 2007, '69493'),
(11, 'Y171', -1187139894, -41165870, 'QI94TW', '88', 2027, '52349'),
(12, '1PXB7', -483957992, -5034261, '515N', '4C', 2023, '35930'),
(13, 'KD3625J', -42747648, -1896361655, 'K8B5V0D82', 'SE65', 2023, '43325'),
(14, 'HH72T2XN', 5, -668870769, 'IUATN3NYNB1J842', '7', 2007, '35066'),
(15, '9T', -1537237649, -526509683, 'NH3VM9', 'IHK5', 2023, '22845'),
(16, '66', -1987853156, -76, 'EZI41K3', '6', 2006, '67808'),
(17, '2', -5, -1181469310, '6', '8I8C4', 2009, '14056'),
(18, '1N63', -7517, 23, '2Y', 'O7HN', 2015, '48859'),
(19, '7K07OP0', -54044699, -64006912, 'H', '0', 2017, '32786'),
(20, '2GL', -1501991829, -851309381, 'CZ9W09I', '93', 2015, '47383'),
(21, 'O21R4', -21961294, -1837413052, 'H6', 'H', 2027, '00071'),
(22, '62', -1095589246, 4, '3MN2CHLB1', '712', 2019, '80179'),
(23, 'A2', -647106053, 1, '0CQ2', '2', 2016, '27868'),
(24, 'D', -454817415, -1511615856, 'QW1R', '77SO5', 2010, '76337'),
(25, '5', -880038450, -1017700704, '6', 'H7U1N2C', 2010, '06604'),
(26, '0B', -741, -1733332493, 'XV9NDB', '3DQ', 2024, '63249'),
(27, '3', -1105939101, -8, 'N', '4', 2028, '45399'),
(28, 'B5861YB0', -854885777, 18, '5MQNA6O3W', '1Y2PCV6', 2006, '76947'),
(29, '26', 32, -5, 'K2YN824GH1', '8', 2008, '29903'),
(30, 'RUA2T06', -1822584775, -92868201, '62', 'GT', 2006, '56780'),
(31, '1406', -551412799, -2007552699, '9', '52NU10', 2022, '89796'),
(32, 'X', -1920939769, -402327845, 'E1872', '3WCYQY', 2017, '66073'),
(33, 'P5V71', -1119333885, -5, 'HT7Q1NU3G045', '6', 2012, '64540'),
(34, '5492O3GB', -5, -854497783, 'T', '7', 2024, '81385'),
(35, 'Q1X', -585, 5342, '5', 'F', 2016, '67961'),
(36, '4JF0O', -945, -8, '2YU3', '1', 2013, '91056'),
(37, '2Z', -615162102, -387252890, '9YN', 'J', 2009, '93025'),
(38, '2W46LGJ', -2130894774, 62, '3', '81', 2020, '38672'),
(39, 'GXQ7', -681187666, -1760965754, '93JM7ERD2', '6R2O', 2023, '85342'),
(40, '57LECZ8', -605601880, 978, 'C2X0', 'S', 2028, '22326'),
(41, '9', -746, -1584135024, 'M70', '09X', 2008, '77561'),
(42, '23R4S6C', -51034081, -754329531, 'S7DROE92LO08J', '1', 2008, '20367'),
(43, '5E5T0', -128941461, -5, 'R', 'EX', 2007, '75456'),
(44, 'S', -1614391625, -215215921, 'R76XG', 'GI', 2011, '69402'),
(45, '90Y4FBND46', -9560223, -128493620, '6743', 'N1I6', 2013, '42754'),
(46, '87U', -1799135639, -1465693607, 'I305', '2B129', 2013, '45501'),
(47, 'E0ML5NP19', -1694131510, -30, '6L', 'PWJ9T1', 2007, '67222'),
(48, '9', 432, -1109604616, 'B1', '6F6Z', 2008, '01253'),
(49, '5', -1098465597, -889235045, 'VURH1XHWG', 'V28P', 2006, '20454'),
(50, '5TXF5GH', -41473859, -1112741674, '13N3J7J', 'OWUU62JZM17', 2029, '61226');

--
-- Inserting data into table consultant
--
INSERT INTO consultant(consultant_id, first_name, last_name, email, login, password, rating, experience) VALUES
(1, 'Elwood', 'Coleman', 'Ligon@example.com', 'Ligon568', 'K1', 179630198114709, 149),
(2, 'Lindsey', 'Fife', 'Burrows865@example.com', 'Goetz1965', '8', 51474685370346, 234),
(3, 'Deedra', 'Severson', 'GeorgannSamples457@example.com', 'Lonna33', 'TQ71', 457535986838328, 56),
(4, 'Rayford', 'Turney', 'Cedric.CSotelo@example.com', 'Florentina2022', 'R127Y', 893742070269542, 102),
(5, 'Sonny', 'Mattox', 'Loftis@example.com', 'Overton2023', '96A', 603017533673611, 139),
(6, 'Hope', 'Seward', 'Francene.E.Acker869@example.com', 'Alonso823', '0C', 800931340175921, 49),
(7, 'Chandra', 'Turpin', 'ssmxzviy.qout@example.com', 'Blake1987', 'ED6HJ1Y5ZP94J8170ZA9', 566, 82),
(8, 'Charolette', 'Kelsey', 'Abreu222@example.com', 'Eugenie1979', '9Q9', 914, 162),
(9, 'Kim', 'Mattson', 'SeeWild56@example.com', 'Crouse646', '5H018F', 342926692755315, 63),
(10, 'Randolph', 'Overby', 'Severson757@example.com', 'Sachiko27', '6P2', 755974735243397, 29),
(11, 'Jonah', 'Rushing', 'CatherynTaber@example.com', 'Wilbanks49', '99EJAZ', 888488324815189, 73),
(12, 'Adah', 'Cosgrove', 'Verline_Fairbanks2@example.com', 'Winstead2015', 'W8T8', 30, 67),
(13, 'Bernard', 'Bohn', 'Julene.IAbrams@example.com', 'Albertson9', '9Z76', 915524486503037, 127),
(14, 'Antonia', 'Kelso', 'AbigailKruse91@nowhere.com', 'Adah769', '80V79', 46628904932110, 72),
(15, 'Jean', 'Mauldin', 'jnmo3690@nowhere.com', 'Moises294', 'DT', 13, 85),
(16, 'Vincenzo', 'Overstreet', 'Sikes@example.com', 'Effie769', '3T6IDJVR', 815361794398021, 202),
(17, 'Isaac', 'Russ', 'Luther@example.com', 'Melonie3', '6K5VIT', 402247820965064, 81),
(18, 'Terry', 'Coles', 'DorothaCass344@example.com', 'Abbie2007', 'G9172L90A1UZJ', 623785439171985, 253),
(19, 'Gerry', 'Sewell', 'Burch@example.com', 'Frederick2022', '72', 5, 68),
(20, 'Bernardina', 'Tuttle', 'YasmineJensen@example.com', 'Alfaro542', '5', 597496168933188, 75),
(21, 'Kent', 'Sexton', 'Whitaker@nowhere.com', 'Stephen2028', '4', 8175, 157),
(22, 'Adolph', 'Tyler', 'Sims4@example.com', 'Joe92', 'E9H52', 3433, 155),
(23, 'Leif', 'Boisvert', 'MarcoBerry@example.com', 'Almeida2000', '83S4PV', 164612453946721, 153),
(24, 'Adan', 'Kemp', 'Kimberlee_ZCausey@nowhere.com', 'Argentina111', '20VB167A02', 646, 175),
(25, 'Kathey', 'Maupin', 'SolomonBarela3@example.com', 'Abernathy1993', '12', 437203505227929, 84),
(26, 'Felisa', 'Coley', 'Adela_Scarborough@example.com', 'Blake1978', 'L8S2ZJ', 833878820232623, 225),
(27, 'Rachele', 'Kemper', 'zqmfvtd2720@example.com', 'Byrne2010', 'V97', 430209804947028, 229),
(28, 'Adaline', 'Overton', 'Jude_Weller976@example.com', 'Benson1956', '7720', 51693145729761, 254),
(29, 'Maynard', 'Figueroa', 'SmithO@example.com', 'Augustina1975', '3', 148318125228261, 82),
(30, 'Dwain', 'Costa', 'hqjoe3@example.com', 'Dunning284', 'HIT6', 898263125981694, 59),
(31, 'Karine', 'Seymore', 'HazelW@example.com', 'Ray261', '6UV8I2RZ9E9', 226784709733202, 238),
(32, 'Cordell', 'Russell', 'Abdul_Foy@nowhere.com', 'Lawson344', '4J4G', 622, 137),
(33, 'Chana', 'Owen', 'ErrolAlcala24@example.com', 'Hanlon859', '26', 385512506981815, 62),
(34, 'Kelsi', 'Boland', 'GennieGBarrow9@example.com', 'Joe2002', 'SAW', 685560695004362, 44),
(35, 'Lester', 'Tyner', 'Bernard_Jeffers167@example.com', 'Atwell2028', '51D256LF2G6', 531948826448981, 207),
(36, 'Adria', 'Finch', 'wxdo5147@example.com', 'Salerno2018', '75R1', 4, 171),
(37, 'David', 'Seymour', 'oxfz2718@nowhere.com', 'Barker7', 'S9KU960HM320D2B3VKHR', 667932488135001, 201),
(38, 'Ferne', 'Costello', 'Phillips9@example.com', 'Janita2009', '095', 97, 151),
(39, 'Kent', 'Collado', 'Washburn156@example.com', 'Aguilera335', 'H', 210969527140599, 145),
(40, 'Kizzy', 'Tyree', 'SalleyBeckett@example.com', 'Kenna511', 'J7', 26600658747908, 166),
(41, 'Alanna', 'Russo', 'Domingo_V.Gresham@example.com', 'Lucie2024', '39', 57, 180),
(42, 'Reatha', 'Maurer', 'Jarvis_Nugent157@example.com', 'Marlin2013', 'YH92SQ', 3087, 71),
(43, 'Theron', 'Kendall', 'AdolphAcker49@example.com', 'Atkinson8', 'RM', 53, 67),
(44, 'Jodee', 'Mauro', 'Krebs769@example.com', 'Becker2004', '9TVEDD06N90', 382, 212),
(45, 'Raven', 'Owens', 'Aguiar7@nowhere.com', 'Adena734', '87X', 243, 93),
(46, 'Ronda', 'Rust', 'Kearns@example.com', 'Sharp5', 'N', 947892826362856, 44),
(47, 'Cody', 'Shackelford', 'BentonStevens@example.com', 'Lazaro1990', '5N', 52567585147468, 5),
(48, 'Alex', 'Fincher', 'duxdcaic4070@example.com', 'Petrie21', 'M3Y4', 781620659285859, 183),
(49, 'Jamel', 'Tyson', 'yaksaq3391@nowhere.com', 'Wen186', '28CHL0', 58949284832155, 226),
(50, 'Alfonzo', 'Bolden', 'Adah.Angel173@example.com', 'Aguiar177', 'AGL75L99V36', 575760540952694, 12);

--
-- Inserting data into table parking
--
INSERT INTO parking(parking_id, address) VALUES
(1, '3278 Riverview Blvd, Jackson, MS, 51516'),
(2, '2628 W Social Pkwy, APT 883, Phoenix, Arizona, 76818'),
(3, '1042 Rose Hill Blvd, First Security Building, Jefferson City, Missouri, 94707'),
(4, '11 East Hope Lane, Montgomery, Alabama, 76177'),
(5, '1318 Brentwood Ct, Nipper Building, Olympia, Washington, 89919'),
(6, '1974 West Church Ct, Fisher Building, Sacramento, CA, 85595'),
(7, '1883 Hidden Rose Hill Avenue, Montgomery, Alabama, 34553'),
(8, '149 Church Hwy, Comcast Building, Harrisburg, Pennsylvania, 62470'),
(9, '535 South Prospect Hill Hwy, MidAmerican Building, Phoenix, Arizona, 47599'),
(10, '2135 Ironwood Blvd, Montgomery, Alabama, 36747'),
(11, '3815 1st Pkwy, Standard Building, Juneau, AK, 76816'),
(12, '332 NW Monument Street, Lincoln, Nebraska, 44039'),
(13, '3749 Sharp Hill Dr, Diamond Building, Dover, DE, 50332'),
(14, '435 Riddle Hill Way, Buhl Bldg, Raleigh, North Carolina, 16033'),
(15, '2985 South Lake Circle, Nipper Bldg, Tallahassee, Florida, 14707'),
(16, '872 Hunting Hill Loop, Austin, Texas, 83010'),
(17, '3039 W Pine Tree St, First Security Bldg, Indianapolis, Indiana, 54166'),
(18, '2151 Monument Way, Little Rock, AR, 08293'),
(19, '275 Rockwood Ave, Superior Building, Little Rock, Arkansas, 26965'),
(20, '1184 Cedar Tree Highway, Frankfort, Kentucky, 26665'),
(21, '2320 NW Glenwood Highway, Honolulu, Hawaii, 42570'),
(22, '381 Chapel Hill Ct, Des Moines, Iowa, 67526'),
(23, '160 Ironwood Street, Little Rock, Arkansas, 52311'),
(24, '3320 SE Sharp Hill Drive, Dover, DE, 68278'),
(25, '1965 Beachwood Drive, Buhl Building, Columbia, SC, 33903'),
(26, '303 Riddle Hill St, Penobscot Bldg, Trenton, NJ, 21630'),
(27, '3266 SW Riverview Highway, Nipper Bldg, Baton Rouge, Louisiana, 84965'),
(28, '259 Woodcock Ln, Appartment 57, Lansing, Michigan, 60054'),
(29, '3397 Old Beachwood Rd, Fisher Bldg, Oklahoma City, Oklahoma, 04995'),
(30, '3501 W Ashwood Loop, Augusta, ME, 98229'),
(31, '3882 Bayview Drive, Equitable Building, Albany, New York, 92162'),
(32, '137 E Hunting Hill Parkway, Boston, Massachusetts, 03204'),
(33, '3702 N Front Ct, Jefferson City, MO, 94113'),
(34, '553 52th Hwy, Santa Fe, New Mexico, 55341'),
(35, '200 SW Hope Blvd, Harrisburg, Pennsylvania, 02680'),
(36, '594 East Rose Hill Court, STE 9899, Topeka, Kansas, 06709'),
(37, '461 New Monument Highway, Dover, Delaware, 92663'),
(38, '1916 West Rose Hill Lane, 1st Floor, Juneau, AK, 17226'),
(39, '2150 NE Brentwood Parkway, Salem, Oregon, 96639'),
(40, '445 Rock Hill Rd, Equitable Bldg, Carson City, NV, 08847'),
(41, '867 Rushwood Drive, Comcast Building, Sacramento, California, 95471'),
(42, '1110 Town Circle, Des Moines, IA, 99237'),
(43, '1993 2nd Ln, 2nd Floor, Montpelier, VT, 86287'),
(44, '893 Stonewood Highway, STE 30, Trenton, NJ, 08990'),
(45, '1647 Glenwood Ln, Macy''s Bldg, Raleigh, North Carolina, 35791'),
(46, '1545 Buttonwood Pkwy, Richmond, Virginia, 46940'),
(47, '3963 Old Lake St, Topeka, KS, 77777'),
(48, '1874 Highland Street, 1st FL, Springfield, IL, 71757'),
(49, '3080 Rockwood Cir, Tallahassee, Florida, 83203'),
(50, '2325 Red Riddle Hill Highway, Montgomery, AL, 12569');

--
-- Inserting data into table question_answer
--
INSERT INTO question_answer(question_answer_id, title, content) VALUES
(1, 'Voluptatem perferendis et aperiam.', 'Z87TV556YP4NK2P98I580SB391D4PVG07FUW7V32L4KP838JPLWM39339B946Q3EQY56D05VO0J2X2OFX2Q55MM151609Z566J5NXZ0759L299H2K3SI2X01LM4H0'),
(2, 'Mollitia tempora unde repudiandae.', '62645FQ04F1546'),
(3, 'Provident tenetur quidem perspiciatis.', '1Q0801508J0676F77710BYI77A29112EP0ENYO1N57Z0XN'),
(4, 'Tempore voluptatem nesciunt nam.', 'O3R8XM5HF71798074F4VQXXGS2QA0YD8552C026LT94W3ZV7P7T67L117BKM7I'),
(5, 'Numquam eius aliquid dolores veniam.', '78O0698N5'),
(6, 'Eos atque repudiandae voluptas.', '7L6T07M325NGIV2PB58P2ZB17EJ21Y1H'),
(7, 'Optio ipsa maiores laboriosam.', 'Y6B5199C4QMUD90T3TSZ50F0EA1F7ITU6105178TF050DH'),
(8, 'Beatae natus voluptas.', 'Z42HSGDPHLM6N553N0D'),
(9, 'Incidunt cumque cupiditate.', '5R75KH14HK857YIMF84'),
(10, 'Ratione exercitationem aliquid.', 'ULNWCXPGG9228VJ75M88W2H6Z3TO215CS8HBTC755NDBP376S9EBF63417EAT2BK6'),
(11, 'Et beatae consequuntur omnis veniam.', 'Q2KUJ2VWGQS'),
(12, 'Accusantium iusto quia et quia enim.', 'UE0OG'),
(13, 'Ut sint sit qui ut ad labore expedita.', 'K0S'),
(14, 'Iure ut laudantium modi sint cum.', 'D991YT5KO7'),
(15, 'Eos aut alias doloribus dolor error.', 'J3CO3'),
(16, 'Possimus hic nam eos in sed ut.', '7YQU0311RKTYX6X'),
(17, 'Quod illum ex vitae velit omnis.', 'QEV1D32'),
(18, 'Et iste at incidunt id molestiae sit.', '7D4NH5R1'),
(19, 'Commodi explicabo suscipit error.', 'OY3KXI0V9PIUY5R298UY35HWXN6UG2ILGW6FOT67A'),
(20, 'Dolore iure voluptates.', 'R2N0FNV3CX2SY5238EF97B504F87VU'),
(21, 'Atque quia maxime eligendi quasi.', '4'),
(22, 'Rem ut blanditiis debitis aut in vel.', '218J47PCKYK24D0TWYA9MX295D7FJ27ZX81SV1J5RV231M9U5C3X621F5C1DK71'),
(23, 'Minus maxime dolor porro soluta rerum.', '79J36'),
(24, 'Labore quis quibusdam voluptatem sint.', '8C'),
(25, 'Sint sunt iste.', '8Z1LE00XE2PGV9PZ5W8550Y07TSW66W2E80504Q'),
(26, 'Dolor incidunt aspernatur quaerat.', 'H4JKA2'),
(27, 'Esse suscipit quae vel eos in.', '9J9IVQ90VO6SWEYX'),
(28, 'Tempora sapiente et.', '4GF40'),
(29, 'Sit ex dolores molestiae illo earum.', 'SWU6'),
(30, 'Et natus illo aut.', 'T13Z49LB'),
(31, 'Quasi cum non assumenda deserunt.', '0I02F24U4C510H2I'),
(32, 'Impedit fuga eaque magni pariatur.', 'L2K0WJA2YB24BO'),
(33, 'Sit qui quia doloremque.', 'EAT7R50G47N6CF668F4'),
(34, 'Iste aut libero omnis neque dicta vel.', '5435O6O4AVXNC5XYG97P84UQ966UG2UQ4B3HIN94ZS5AB2095991'),
(35, 'Tempore hic adipisci est quia aut.', 'OAK04R4VX25BPL7JM3U0I1HL04MN85FBUL332845D0'),
(36, 'Voluptatem quae sit assumenda.', '077990F8O8MR3ZI8'),
(37, 'Veniam quasi quae.', 'XL57509U96NCA7GXN3BCHJ'),
(38, 'Fuga nulla officia et voluptatem sint.', 'OT09RG'),
(39, 'Dicta corporis in.', '8QCO9561QSTN04BC7U'),
(40, 'Explicabo dicta quisquam voluptas.', 'VF1IA9G6R7M'),
(41, 'Amet ut fuga architecto.', 'ZE545LYE8JKFWK447AEWOXPZ0H6AI4YZOQL2TSH4KZH014H0WDKYYW6COG008YK2769DPH1G515OI74AXWG67UT8I88S80M287231O1B094JZ8RNGKS1LU5961904Y13139M3A772A37OE434F559F7PSU665HJ7O6L514SPBW9FV8B10CQHPVD80T3W8P5UL968K53M'),
(42, 'Expedita aliquam sit quo porro.', '75S2GE869'),
(43, 'Ut sit ipsum et molestiae sint rerum.', 'J47Z0CHX00N58Q644022UVCXV3E7IUV8AQ40'),
(44, 'Qui temporibus fuga quas voluptatibus.', '97KH5N1XO11W00QJTJLGUPUIS2AU37TWV714C743F96'),
(45, 'Dolorem quia adipisci voluptas omnis.', 'A324465H6012Q3IM8JV8D'),
(46, 'Consectetur dolores fuga ipsum.', '25X'),
(47, 'Officiis sunt iste beatae obcaecati.', 'IU'),
(48, 'Vitae eos voluptatem unde animi rerum.', '78IIG3A33T24L5O1U6G76P8286F26ZB'),
(49, 'Sed quidem suscipit fuga at officiis.', '1MM3Y551BCN5A8WD'),
(50, 'Saepe iusto ut adipisci eligendi.', 'C17360J4U3W333');

--
-- Inserting data into table reception_point
--
INSERT INTO reception_point(reception_point_id, address, working_time) VALUES
(1, '730 Rock Hill Court', '20:48:19'),
(2, '2824 Ski Hill Circle', '16:57:09'),
(3, '29 Old Ironwood Avenue', '18:22:57'),
(4, '3668 Woodland Dr', '08:10:16'),
(5, '636 Meadowview Parkway', '02:05:25'),
(6, '722 West Riverview Parkway', '00:07:46'),
(7, '1085 Quailwood Way', '22:28:37'),
(8, '1873 E Riverview Highway', '05:32:57'),
(9, '1686 White Church Drive', '00:16:33'),
(10, '839 SW Pine Tree Dr', '08:13:14'),
(11, '282 Hidden Bayview Rd', '06:40:44'),
(12, '676 Mountain Ct', '15:05:19'),
(13, '713 E Riverside Street', '19:59:50'),
(14, '278 Lake Highway', '17:16:51'),
(15, '2043 Woodfort Hwy', '07:36:53'),
(16, '3720 Old Deepwood Court', '04:32:24'),
(17, '2534 Sharp Hill Ct', '01:16:06'),
(18, '81 N Rockwood Ct', '21:03:35'),
(19, '172 West Beachwood Lane', '07:51:09'),
(20, '887 North Waterview Street', '00:13:54'),
(21, '420 NW Hazelwood Way', '01:35:50'),
(22, '880 Old Beachwood Loop', '00:00:16'),
(23, '40 North Hope Loop', '11:35:36'),
(24, '1457 South Lake Blvd', '14:01:04'),
(25, '1830 E Rushwood Drive', '01:00:49'),
(26, '1925 Hope Lane', '16:36:11'),
(27, '3421 Deepwood Blvd', '14:14:03'),
(28, '766 West Stonewood Loop', '00:00:01'),
(29, '39 Mountain Dr', '02:49:26'),
(30, '3886 Fox Hill Way', '21:31:14'),
(31, '3012 West Ski Hill Hwy', '00:11:26'),
(32, '3137 Ski Hill Cir', '01:12:11'),
(33, '1109 Rushwood Pkwy', '20:37:11'),
(34, '78 Red Parkwood Road', '00:52:22'),
(35, '2738 Riddle Hill Highway', '20:36:52'),
(36, '82 Old Edgewood Court', '13:02:32'),
(37, '94 Monument Pkwy', '00:00:09'),
(38, '1550 White Market Way', '00:05:37'),
(39, '1496 Parkwood Rd', '01:39:28'),
(40, '140 Fox Hill Court', '00:00:08'),
(41, '2029 SE Ironwood Hwy', '17:20:23'),
(42, '668 Edgewood Lane', '01:03:30'),
(43, '1457 Pine Tree Ln', '23:47:34'),
(44, '2381 Rockwood Circle', '08:40:38'),
(45, '2362 NW Meadowview Rd', '00:47:44'),
(46, '66 Old Mount Blvd', '03:47:35'),
(47, '296 N Prospect Hill Blvd', '04:36:58'),
(48, '221 North Town Cir', '04:48:17'),
(49, '3887 SW Woodland Rd', '16:28:11'),
(50, '1213 Deepwood Hwy', '10:00:06');

--
-- Inserting data into table tariff
--
INSERT INTO tariff(tariff_id, title, price, duration, content) VALUES
(1, '63', 7225562, '09:52:28', 'X'),
(2, 'G5SUL6O4G6', 2691386, '15:46:02', 'H77Q336372WS9B7EEBEBT91'),
(3, '6', 76, '00:01:17', '82416'),
(4, '9J', 9964480, '16:51:50', 'JLT3650N'),
(5, '13', 6440469, '18:23:13', 'W1CO'),
(6, '3H7UG4', 2881, '00:48:02', 'V45SP4H57T68KR8OY413Y60UV36CKWX'),
(7, 'PJX8549', 7646077, '19:18:09', '61HJ2G3C'),
(8, '0', 3238377, '08:03:40', 'L4ZJC3W'),
(9, 'KT4NP3G23UTI', 5629237, '15:32:05', 'A4Q6KL4HML7837Y20X4U'),
(10, 'CHC', 2182662, '20:35:03', 'L9V1BDTG8JOBL'),
(11, 'TAZ', 8996342, '08:15:43', 'AM456141TQ7QN37Y76QAIT1KL2'),
(12, 'Z', 7263985, '22:50:37', 'V030ZXZGE90B7UC10'),
(13, 'EDG1', 8537423, '04:43:04', 'BLH6J2'),
(14, 'P3B0TA', 28, '00:00:29', '817129XI2G41649X68D4I26C'),
(15, '6KR', 5370614, '00:47:52', '51X24I0W2PTQ0CY0NFNN305Q18WWI9G6'),
(16, 'M09', 4242035, '23:47:57', '7E70Z84CUDT'),
(17, 'ZV', 1, '00:00:02', 'SUX3L45LPK'),
(18, '403J', 6163622, '10:19:09', 'I90OQ5CUXNPW0O4HSQH8V6P4'),
(19, '0N3', 6860, '01:50:21', 'RB4EOP0XUT555'),
(20, 'BZ2', 5940, '01:39:01', '550C04ALPYWDV69JG8P1GXH5492ZIURF4H457T9X06R0M35'),
(21, 'OL845TPBF3XQB', 1, '00:00:02', 'W375R06VENB9304BV1A1H3'),
(22, 'K6LE2Q309E6JX7', 8469101, '14:43:35', '1O2MP450X2OTT4C0AJ2'),
(23, '9NM', 4095451, '02:05:04', '439FCIS012Z553XWSW47675ZCU1798L6K446S04433IRV6E7KMZRV64RGSV62'),
(24, 'CT', 1676036, '22:51:38', 'WT6V80304E5OX4JHBVS3W3MN93G6A4XYM'),
(25, 'BGY5', 355164, '21:44:28', '2576XQ3P570VE6'),
(26, 'P', 6, '00:00:07', '530O4SMQ1SJLZG1XSX7VG9B1NADJT6VN4VC476WSOQUMTE39E94A0WS86ZF'),
(27, 'WKF5', 5421527, '21:44:04', 'P26755I7272N78WXZD212W6MI4ZTHZ420SK'),
(28, '03704B8WI24', 3789524, '09:07:49', 'GRZ3W27F512NE6FLQR5N70SJL9X99WVF'),
(29, '20Q357ZJA73U2W', 1765513, '03:01:42', '736CU7'),
(30, 'V2A5M2', 8021136, '19:03:52', 'H'),
(31, '8Q7J84', 9087714, '15:36:37', '0S59C1722G794B4G92V09T9F9'),
(32, 'VHJE', 3847269, '12:11:13', '6VF2QH9'),
(33, '0DU16', 3090463, '16:40:39', '4N3U9YB4WAU2P5J3Z28J1M39201A9'),
(34, 'RWCAMN4', 32, '00:00:33', 'IBPNS5IWZYDE0063L9W323'),
(35, 'D', 597, '00:09:58', '72MN8760HVA01U26AL26'),
(36, '6F', 1861417, '13:24:56', '10N99Z1B0ASAO'),
(37, 'TGYN60V', 7975, '02:12:56', '71897WOHS8OT61FHW9LSQI96C0183BJ5'),
(38, 'T126I2R43S', 9, '00:00:10', '9'),
(39, 'W2XA9H', 4354437, '16:56:21', 'IHOQA9OGHT28R03EVP6T9EQCVE0DL'),
(40, 'S2NMJT87BL9L2', 2607078, '02:47:33', '7J'),
(41, 'X', 6641950, '00:02:30', '83YM1'),
(42, '0AOG7', 649, '00:10:50', 'JW0AGT'),
(43, 'JMG9O', 2365026, '22:22:56', '450KU7I16XRL12OG435Y17DZM4P69500CUA1M565O22WHJ2F6X9N4Z9ZMV6Z6IEUX690U22M9Q7613BCN66WD25L512'),
(44, '833PO994FL55', 1264, '00:21:05', '93D7183K3O'),
(45, '8ED6YAGKWBM65', 1476810, '15:47:20', '6'),
(46, 'A', 2588516, '08:34:20', '92G423KJ35QQN24LA83FM37W8'),
(47, 'PK58P6', 7613427, '23:50:35', '08XKF8F0L1G966A26W78TXS6JQU5T5H1O1813'),
(48, '21', 685, '00:11:26', 'G86'),
(49, 'T9C208783H86C', 6349879, '10:03:13', 'W10MUP77LVLJ6RPTB35UYFNSG244AHK96S0AR49315'),
(50, '5', 2967356, '21:21:59', '648');

--
-- Inserting data into table user
--
INSERT INTO user(id_user, first_name, last_name, email, login, password) VALUES
(1, 'Allene', 'Angel', 'Demers@example.com', 'Demers2021', '9'),
(2, 'Adalberto', 'Oates', 'Madelaine.Laird63@example.com', 'Joel528', 'UDH6'),
(3, 'Claud', 'Stuart', 'Amos_Montano@nowhere.com', 'Keven1954', '5X'),
(4, 'Adela', 'Hess', 'Stanfield@example.com', 'Jerry1985', 'TVRH0'),
(5, 'Cleo', 'Woodley', 'Alderman131@example.com', 'Emmons311', 'W'),
(6, 'Blaine', 'Lawler', 'KingCruz62@example.com', 'Bacon2019', 'EJH27'),
(7, 'Lulu', 'Stubblefield', 'Odom@example.com', 'Abreu188', 'R'),
(8, 'Apryl', 'Hester', 'DamienGrisham8@example.com', 'Copeland983', 'G7'),
(9, 'Arlen', 'Brumfield', 'LuigiBabin@example.com', 'Jason2014', 'HKPG5'),
(10, 'Karleen', 'Anglin', 'Mcfarlane2@nowhere.com', 'Grady4', '1T2'),
(11, 'Caroline', 'Rock', 'Rucker3@example.com', 'Montalvo2008', '3'),
(12, 'Aleta', 'Lawless', 'jkwkg2922@nowhere.com', 'Scarborough2026', 'O789V40'),
(13, 'Germaine', 'Dehart', 'Karissa.Ellington@example.com', 'Hannelore418', 'AV48'),
(14, 'Graig', 'Bruner', 'Thad.FAinsworth@example.com', 'Boris1983', '8R6VJ2ZE02NK670F96QV'),
(15, 'Queenie', 'Hewitt', 'dqtjwnhv_fyoeh@example.com', 'Neil2005', 'ZI1'),
(16, 'Jame', 'Obrien', 'Paula.Baxter821@example.com', 'Whiteside161', 'YSG55'),
(17, 'Bruce', 'Gale', 'Malcolm123@example.com', 'Kandy2021', '5'),
(18, 'Loraine', 'Angulo', 'Herrington847@nowhere.com', 'Abraham22', 'UM'),
(19, 'Genaro', 'Rockwell', 'Kuntz88@example.com', 'Georgetta2010', '9'),
(20, 'Nicolette', 'Lawrence', 'LaraineKraft@nowhere.com', 'Sparkle244', '0MQ'),
(21, 'Rene', 'Obryan', 'DedeAngel@example.com', 'Lucile262', '3'),
(22, 'Darcie', 'Hiatt', 'Akiko.Mata@example.com', 'Jenifer691', 'P7LEXIJ'),
(23, 'Jack', 'Woodruff', 'EulaliaAllen@example.com', 'Aguilera263', 'A9Q'),
(24, 'Kirstin', 'Laws', 'Mackenzie@nowhere.com', 'Kirk2014', 'Q6'),
(25, 'Roman', 'Brunner', 'Acosta387@example.com', 'Robins633', 'F4'),
(26, 'Abigail', 'Dejesus', 'Hiram.FAponte@example.com', 'Sean2028', '73W'),
(27, 'Tinisha', 'Galindo', 'August418@nowhere.com', 'Janie2012', '6'),
(28, 'Coralie', 'Roden', 'HallieBland573@nowhere.com', 'Akiko152', '3G11'),
(29, 'Brigette', 'Delacruz', 'Odelia_Acosta318@example.com', 'Gabriel95', 'H7960RUL'),
(30, 'Marcelo', 'Hibbard', 'Sadler815@example.com', 'Derrick1967', '8'),
(31, 'Deanna', 'Lawson', 'Cecil_Goldsmith@nowhere.com', 'Calkins2010', '8O3'),
(32, 'Abel', 'Hickey', 'Judi_Leach@example.com', 'Karly2015', 'FEN26D'),
(33, 'Tommy', 'Ocampo', 'lziws4@nowhere.com', 'Everett2012', 'U'),
(34, 'Armanda', 'Roderick', 'Staples@example.com', 'Corey1957', '50S163F'),
(35, 'Adolfo', 'Lawton', 'Cronin@example.com', 'Loria2012', '1'),
(36, 'Keila', 'Stubbs', 'Landon.Robbins@example.com', 'Alissa2013', '0D5Q5'),
(37, 'Rey', 'Anthony', 'Alise.Bailey@example.com', 'Arletha2011', 'G'),
(38, 'Albert', 'Woods', 'Byers@example.com', 'Hanley2012', 'PG'),
(39, 'Cyril', 'Ocasio', 'Caraballo@nowhere.com', 'Applegate256', 'V'),
(40, 'Merlin', 'Rodgers', 'dqobjeyg_dkyulj@example.com', 'Mercedes25', 'I'),
(41, 'Trenton', 'Gallagher', 'Arianne.Lyle92@example.com', 'Gaither1961', 'DU'),
(42, 'Caleb', 'Ochoa', 'LacieO_Chen3@example.com', 'Reynalda361', 'C'),
(43, 'Brady', 'Hickman', 'Nieves@example.com', 'Breen1984', '4R8C19V'),
(44, 'Michael', 'Lay', 'Jacklyn_Moseley474@nowhere.com', 'Adan1984', 'YA'),
(45, 'Reanna', 'Delagarza', 'Hunter@example.com', 'Dye2015', '1'),
(46, 'Bruno', 'Hicks', 'AbramTownes@example.com', 'Adrian497', 'PF'),
(47, 'Toby', 'Rodrigue', 'Mcafee679@example.com', 'Branden96', '9E05'),
(48, 'Lorina', 'Layman', 'EarnestStrauss885@example.com', 'Michal2020', 'D5J21VZFU5'),
(49, 'Jody', 'Stuckey', 'BartonEasterling@nowhere.com', 'Conception19', '57KQ'),
(50, 'Alden', 'Oconnell', 'KentPotts@example.com', 'Abbie9', 'S41K87');

--
-- Inserting data into table dialog
--
INSERT INTO dialog(dialog_id, user_dialog_id, consultant_id) VALUES
(1, 35, 23),
(2, 50, 22),
(3, 46, 17),
(4, 22, 12),
(5, 5, 43),
(6, 11, 47),
(7, 24, 29),
(8, 49, 38),
(9, 17, 4),
(10, 12, 24),
(11, 18, 30),
(12, 30, 45),
(13, 6, 10),
(14, 41, 18),
(15, 1, 50),
(16, 47, 25),
(17, 25, 48),
(18, 36, 46),
(19, 7, 49),
(20, 42, 44),
(21, 45, 39),
(22, 37, 34),
(23, 31, 5),
(24, 2, 11),
(25, 43, 31),
(26, 8, 26),
(27, 48, 13),
(28, 3, 6),
(29, 26, 1),
(30, 13, 7),
(31, 19, 32),
(32, 14, 40),
(33, 20, 19),
(34, 38, 35),
(35, 9, 41),
(36, 4, 2),
(37, 32, 27),
(38, 27, 36),
(39, 33, 42),
(40, 10, 8),
(41, 28, 3),
(42, 15, 33),
(43, 44, 37),
(44, 21, 28),
(45, 23, 14),
(46, 29, 9),
(47, 16, 20),
(48, 39, 15),
(49, 34, 21),
(50, 40, 16);

--
-- Inserting data into table offer
--
INSERT INTO offer(id_offer, auto_id, tariff_id, parking_id, status, landlord_id, image, additional_service_id) VALUES
(1, 33, 44, 18, 1, 5, 'GD5MALZ3H1943652D516QOH', 45),
(2, 18, 29, 32, 0, 46, '2G5I0TXWP7KBF9C6ZDJ5U1E8W6A1SXH512J9I6X', 15),
(3, 40, 4, 37, 0, 15, 'XQ8TW2O2AXPB630A8186', 34),
(4, 15, 8, 21, 0, 10, 'RKW62JPW', NULL),
(5, 28, 23, 3, 0, 10, '25', 28),
(6, 6, 10, 17, 0, 19, '39O9', 25),
(7, 39, 44, 43, 1, 24, 'OF6OX7UCRU0V', 49),
(8, 27, 6, 7, 1, 34, '2SN8J36H8', 32),
(9, 49, 42, 11, 0, 12, '6A', 35),
(10, 37, 16, 12, 1, 47, '7', 23),
(11, 20, 27, 21, 0, 50, '97CYMZ3RZYDQNBB3S2I6G6S613O37O69HQ70', 27),
(12, 3, 6, 18, 1, 21, '06D328F09Q66Q4CHVA2U4CVL163E58H8584RZ16S7CN47Z9HYEZR6H0R29ORNDDFT2SIBC653P53Q5VJA346K175I16PQSP4JJW', 14),
(13, 7, 38, 45, 1, 10, '7Y7KI64F56', 31),
(14, 38, 29, 9, 0, 11, 'A77', 48),
(15, 41, 5, 39, 0, 6, '26289ZB1T849YUT2ANY4966U72YD8K0D9E056156', 10),
(16, 13, 43, 50, 0, 16, '56NVDC575BOK16SEMVOAOWEZ7919Q285A95TP83723T509G63P7D7HJMG021U1', 6),
(17, 15, 40, 42, 0, 18, 'O6LZP2U507UUPN913P160L3Y2', 22),
(18, 24, 4, 22, 0, 12, '7G9RN2F4F12N8J6DM91P7505U9HA8LUEO50PC3CU092EDRM', 14),
(19, 28, 42, 41, 1, 5, '22F2Y0204PP199B8NQ9P28', 26),
(20, 18, 43, 27, 0, 24, 'FYL9FGK1', NULL),
(21, 6, 5, 17, 0, 13, 'UH7QO0PT', 43),
(22, 16, 14, 14, 1, 32, 'B3D039IJ15X1F279GRCFE91JPXNQ92EF37A01M936E51H631VYN94JGB', 16),
(23, 31, 1, 16, 1, 20, 'G8', 29),
(24, 20, 1, 14, 0, 5, 'SJ929U839H0R1MW00Z0Z647TJX3271Z2EU9H65C02H6X7PW8PMN2G3K8A565BQ8', 26),
(25, 29, 37, 24, 1, 2, 'K0Z9', 32),
(26, 47, 33, 24, 0, 34, 'P', 12),
(27, 17, 46, 11, 0, 50, 'D5', 44),
(28, 42, 19, 46, 1, 14, '55BP5R26O63OE133XT1PLQDP159X58H392', 7),
(29, 1, 4, 1, 1, 38, '19V2K914IQ7E5M80ZN72GVHK976T1933091R7EQ1LCQKN04KK', 46),
(30, 37, 23, 31, 1, 50, 'MBU98', 16),
(31, 19, 37, 33, 1, 15, '5C49Q542S', 17),
(32, 6, 12, 12, 1, 16, 'ZC6BM8BS9A5BJ6723Y1Z2KYJ928304D4LHT2LN3920LRZGKS26EDHTC2M84', 42),
(33, 27, 50, 9, 0, 50, '94Z8JW1K8', 40),
(34, 36, 19, 20, 1, 41, 'JBUX', 37),
(35, 21, 36, 30, 0, 26, '8VVB9J5P6V0D8CG90CQHDF38YJ', 27),
(36, 46, 35, 8, 1, 41, 'UR9785Y2OI710Y3AHCV4UMGLHY', 13),
(37, 21, 35, 16, 0, 16, 'KWTB56FBEU981TE9', 45),
(38, 35, 6, 24, 0, 14, '1BA0YFM0EV8WRRH3NTF0MOP9OX08793F8HN0724993891350LPK7Y7WUPWVVXV3GR6Y6B6X3U6H9OO48GN4PZBKWT60R', 45),
(39, 40, 1, 7, 0, 28, '683ND1', 39),
(40, 1, 16, 26, 0, 33, 'LX904YNDIOEX8A92H97S35DU', 13),
(41, 24, 31, 18, 1, 29, '2E372493Y2A213W9E1X', NULL),
(42, 17, 2, 38, 0, 39, 'WD', 34),
(43, 36, 4, 33, 1, 34, '4AND5109G3314O44LELIPL30L1ELHVCDG5EFK09QPN6055FLE2048Z2U08QX3623357DITNR6D', 16),
(44, 25, 10, 24, 0, 11, '6M2351N67J5FB1H4HQ', 22),
(45, 11, 43, 36, 1, 18, '0M3UF7KK2094GV6YC594L7ZJ3B434DE', 9),
(46, 35, 5, 19, 1, 39, 'X140MM8BM3TWF3M99146N142Y846U562IFI9Z4P4UDH5RD825CQ17YHGHI882V5BYIF7Y35064G9G6F1KEQWFAX86M88Z0HF2SGML62KF75TG65', 19),
(47, 44, 47, 41, 1, 16, '69Z2181NTG2A13P1RZUF5I8K4T036ZI2N2U2788D9N', 14),
(48, 50, 49, 20, 0, 10, '4Z9XODX0AQBK2756', NULL),
(49, 43, 37, 18, 0, 10, '8Y82ENSNK00SPF7Q96G9107BH80X9ZL083WJW4', 37),
(50, 36, 35, 23, 1, 26, 'PM', NULL);

--
-- Inserting data into table wallet
--
INSERT INTO wallet(id_wallet, balance, user_wallet_id) VALUES
(1, -775, 3),
(2, 9271485, 18),
(3, 9802504, 1),
(4, -245513, 40),
(5, -8821600, 41),
(6, 9915, 34),
(7, 9828651, 43),
(8, 42, 15),
(9, 2532985, 23),
(10, 7406320, 27),
(11, -11, 3),
(12, 7888, 28),
(13, -4644250, 36),
(14, -6, 50),
(15, 6808035, 14),
(16, 30, 24),
(17, 7990018, 31),
(18, -6682461, 36),
(19, 4, 35),
(20, -1721806, 10),
(21, 6675608, 32),
(22, 6348628, 5),
(23, 107008, 2),
(24, 4842848, 3),
(25, 3962008, 23),
(26, -3188855, 2),
(27, 71, 33),
(28, 982, 11),
(29, 89, 39),
(30, -2920589, 21),
(31, 3744673, 45),
(32, -516527, 12),
(33, -9, 17),
(34, 203, 30),
(35, -8615816, 25),
(36, -6719023, 7),
(37, 1, 37),
(38, 2865102, 23),
(39, 1, 29),
(40, 9000896, 49),
(41, -8333484, 13),
(42, -3998446, 37),
(43, -6011493, 14),
(44, -1117533, 46),
(45, 14, 35),
(46, 4247624, 4),
(47, 640953, 8),
(48, 6720569, 9),
(49, -7074573, 7),
(50, 5700911, 41);

--
-- Inserting data into table appeal_ticket
--
INSERT INTO appeal_ticket(appeal_ticket_id, first_name, last_name, email, title, content, user_ticket_id, status) VALUES
(1, 'Abraham', 'Mckee', 'AbrahamAcevedo@example.com', 'WCC9', 'JK7M4377', 32, 3),
(2, 'Reinaldo', 'Eubanks', 'Jude_High169@example.com', '4WA7S7', 'WK6595ZC8ZC3I76K2U4WF939C746AFUJ55N0F2', 23, 152),
(3, 'Elijah', 'Hand', 'Bauer@example.com', '0', 'L2404P06C8AK68RH6', 41, 7),
(4, 'Tanner', 'Abney', 'Alarcon@example.com', 'J', '698', 21, 70),
(5, 'Jewel', 'Evans', 'gndd9978@example.com', '6O3', 'J642SJGO3UR', 32, 105),
(6, 'Alfonso', 'Bowens', 'Palmer_Lofton@example.com', '9DF', '6VUI0QQVXBB', 49, 83),
(7, 'Jason', 'Stanley', 'Abernathy@example.com', 'L8', '720206WQ19D2VYC56810UPNJ4K1RKQ65KVLK948', 18, 255),
(8, 'Rico', 'Handley', 'Adaline_Abbott@example.com', '5', '4E76X0J9V2AQ5', 40, 135),
(9, 'Yasmine', 'Everett', 'Shayne_Britton589@example.com', 'PU7', 'K6Y6TD788PE70198CDC902ZOV325660NJ', 3, 163),
(10, 'Darcey', 'Lowry', 'mxwygtmf_ahjpwboxdy@example.com', '7823H9ANM99OGB57T081J041U61', '5KDKR8D925NQ0YWD', 22, 100),
(11, 'Rodney', 'Wicks', 'Steve.A.Pape@nowhere.com', '10', 'PT8394S7QQ7S00', 28, 134),
(12, 'Latoya', 'Abraham', 'Ivan.Southern98@example.com', '27H', 'U2V4I3HJ1', 1, 5),
(13, 'Jesus', 'Pelletier', 'Darell_Centeno27@example.com', 'EV1F47A9', '0Z0PZ43C2JB0X4TWK6CO1116694E94MNTZ2', 44, 4),
(14, 'Olimpia', 'Bower', 'Shanta.Beaver89@nowhere.com', '5B5', '8XIJS8', 6, 54),
(15, 'Aurelia', 'Hutcheson', 'GregoryMurrell@example.com', 'BNIL10U9', 'S3S81D4JY3Q57K3B3Z9RT3', 31, 170),
(16, 'Freeman', 'Stanton', 'rfgxqoso9811@example.com', 'M5186E4J63SE', 'I05V7KE5DS406LP', 47, 88),
(17, 'Brent', 'Handy', 'Violette_Maxey368@example.com', 'JZC5016J29XU2', 'E', 50, 231),
(18, 'Anglea', 'Everhart', 'Sanderson@example.com', '8', 'E018H3', 42, 32),
(19, 'Desirae', 'Abrams', 'Dennis@example.com', '7N8G8H737987', '65XH11', 48, 133),
(20, 'Cleo', 'Bowers', 'Shifflett@example.com', '1K9B7192931C56Z', '928Q9T19B375C45RWB6SNZ822F', 11, 23),
(21, 'Clint', 'Abreu', 'Abbie.Watts@example.com', 'ADG8', '62C58C67PX1R22D5256T6UI4E', 34, 166),
(22, 'Patience', 'Wiese', 'AlessandraNMckenzie72@example.com', '1848Q', '798IUDDO9GGW51I4', 24, 94),
(23, 'Agustin', 'Loy', 'mivxztrm_txjxxsw@example.com', '24', '0O2', 6, 204),
(24, 'Josh', 'Hutchings', 'Killian@nowhere.com', '4M66', 'I7NF65O772H908NO8Z1N25RCTNGKA610MU5171673', 8, 16),
(25, 'Ada', 'Staples', 'Maness@nowhere.com', 'K86', '9CCUEM7B63D7X29P', 16, 137),
(26, 'Margherita', 'Wiggins', 'KimberlieCrocker@nowhere.com', '8LQ07I2OL8V', 'A4N501', 18, 216),
(27, 'Carlita', 'Mckeever', 'oxdngcmz8118@example.com', '7KG0Z569M8843208ADSK90R7TA8J', 'VZTWB0', 11, 15),
(28, 'Adolph', 'Peltier', 'Tiffanie.Romero27@nowhere.com', '7F1B9Z26Z41K16G4H', 'X41HT44', 22, 2),
(29, 'Britt', 'Mckenna', 'Gable@example.com', 'WJQ6', 'X1T', 40, 167),
(30, 'Blair', 'Stapleton', 'Myrtle_Bernard@example.com', 'T', 'VQ37N', 38, 140),
(31, 'Fritz', 'Wilbanks', 'Raynor8@example.com', 'V8QBV8D', '64N781', 33, 9),
(32, 'Maddie', 'Pemberton', 'Sipes449@example.com', '5XVJ114IN', 'E', 24, 12),
(33, 'Adrianne', 'Loyd', 'Batson@example.com', '5N5TX32', 'H1S904', 8, 1),
(34, 'Mittie', 'Hutchins', 'ReaReyna391@nowhere.com', 'M78', '4JHZ79YS7S3S3U6TIK7C8K61K91YP07PZ6S2U6', 2, 162),
(35, 'Ellis', 'Starkey', 'SeeleyJ@example.com', 'K11Z5WU56W004GA', '1G6YU7WK963543I657P85958', 49, 167),
(36, 'Roland', 'Wilbur', 'AbbieAbel@example.com', '8YD', '5', 45, 34),
(37, 'Samuel', 'Starks', 'Monty.Swan5@nowhere.com', '5', '3370320M1A2Q7B86', 4, 84),
(38, 'Arthur', 'Hanes', 'SteinerK@example.com', 'CJU98056Q810VMJZY88098W937ISU6', 'T', 12, 76),
(39, 'Rebecka', 'Mckenney', 'Daily37@example.com', '48FJ9AGBQ7GY16Y4', '3R84KHAJ6NNL', 49, 8),
(40, 'Selena', 'Pena', 'AddieTrice329@example.com', 'NXVP6UL3M29', '7V', 16, 89),
(41, 'Albertina', 'Wilburn', 'Caballero313@example.com', 'I6', 'GYJ8G0G555VS890R96ZDCX', 12, 13),
(42, 'Kelley', 'Evers', 'uvrguf247@nowhere.com', '9UV592K5OF0AD45', 'HD318Z92UZ606A1XG896', 30, 241),
(43, 'Felicia', 'Haney', 'Jewel.Albers24@nowhere.com', 'J604NYT', '1P75G0S', 24, 244),
(44, 'Wally', 'Ewing', 'Oliva_Caskey572@example.com', '69A60', '5L6378SRR66', 11, 58),
(45, 'Oren', 'Starling', 'Nannie_Farr@nowhere.com', '0', 'A2H2HV2', 37, 79),
(46, 'Dong', 'Hankins', 'mcvgy02@example.com', '8VA8N54', '978M97P2VM7R', 22, 151),
(47, 'Cristobal', 'Ezell', 'Mcnamara616@example.com', 'X', 'WD', 45, 221),
(48, 'Harley', 'Bowie', 'AllenDupree@example.com', 'T3FQ9H75H', '9G9B4R3324KK0K', 6, 182),
(49, 'Cornell', 'Hanks', 'Rudolph_Abel@nowhere.com', '7E', '0ADRP59582P28L1E', 46, 228),
(50, 'Glenn', 'Wilcox', 'Diehl764@nowhere.com', '5IBH6213E3XBTJ164', '60SOJ58636BR4T9141IR1824Y8X1XT6Q8H10OH0', 39, 17);

--
-- Inserting data into table message
--
INSERT INTO message(message_id, dialog_id, content, send_time) VALUES
(1, 30, '7UF5D', '2000-05-07 09:37:42'),
(2, 22, '85', '1970-01-01 00:09:30'),
(3, 39, '1DK746S93G4UA639LW185690BBBO8GF', '1981-01-07 05:48:15'),
(4, 47, '2EP314H246FJZ85K3', '1984-05-06 15:28:22'),
(5, 45, 'M0502AR84U', '1970-01-01 01:27:28'),
(6, 17, '353V8A204', '1970-01-01 00:00:06'),
(7, 48, '5BZOCTO56J78K9105L8', '2010-02-16 08:28:44'),
(8, 34, 'A3V29', '1970-01-01 01:36:19'),
(9, 25, '82CZ3', '1982-07-10 16:03:45'),
(10, 50, 'LAMQFC', '1970-01-01 00:00:01'),
(11, 31, 'P9WFJ579', '1980-08-12 15:47:40'),
(12, 1, '6264PQ917NHSWAIQRU', '2019-08-08 19:49:25'),
(13, 7, '2', '1981-08-03 11:12:47'),
(14, 40, '865Q4', '1970-01-01 01:26:22'),
(15, 26, '44G', '1979-11-07 11:01:02'),
(16, 32, '6O4RQESL1VCJ408M9V0A4', '2016-07-11 10:02:04'),
(17, 12, 'PL221OTVZG', '1984-04-27 10:17:32'),
(18, 18, '4T1', '2000-05-27 00:58:27'),
(19, 2, '8X', '1998-07-12 22:45:35'),
(20, 46, 'G7E3950TZP3IXI6P9I3IN0G4GE7KS0HS46L767CP75N51O6432MEL415896K3E3H4J', '1970-01-01 02:10:09'),
(21, 49, 'B2Q0DOD19ZKS4', '1970-01-01 00:10:09'),
(22, 8, 'BGK76456497UW', '1988-05-29 00:31:36'),
(23, 3, 'F4894663545MYR9NAAV8', '1970-09-30 23:22:22'),
(24, 35, '8U97J3MAGSI9G5PMV1EUYDJM4DA83WASB6021G616094V81K0M', '1970-01-01 00:01:19'),
(25, 9, 'ZTNJP8F2J06O', '1980-10-19 20:58:29'),
(26, 13, '13', '2014-05-01 10:28:50'),
(27, 4, '6', '1973-05-07 23:36:41'),
(28, 41, '5NCAZ4T0CNJ2', '1970-01-01 00:14:03'),
(29, 19, 'C691CNJWFD9855B787', '1995-11-06 07:26:42'),
(30, 10, 'RXL32BGT3F0', '1979-10-11 21:29:52'),
(31, 14, 'IA0954M79U8D9W', '1970-01-01 00:13:57'),
(32, 27, 'K', '1970-01-01 02:40:32'),
(33, 36, '5847', '1982-05-03 10:42:03'),
(34, 5, '7', '1970-01-01 01:36:53'),
(35, 20, '53EVYU51', '1997-10-15 13:09:35'),
(36, 15, 'I2D0EX737K26ONO', '1983-03-24 01:29:26'),
(37, 42, '03569W', '2016-11-02 20:43:38'),
(38, 33, 'YW34FY2B86', '1980-09-14 08:45:29'),
(39, 11, '0RK85', '1991-02-17 17:17:42'),
(40, 21, '6R3B0WTBA8X597H0V66803H1F6K3', '1971-04-17 05:35:46'),
(41, 16, '53', '1970-01-01 00:01:30'),
(42, 6, 'A98B0G1LF30PJ5K2M', '1980-01-14 14:32:31'),
(43, 28, 'R8465MKNA88AM30', '1970-01-01 01:31:32'),
(44, 37, '45083', '2013-06-14 11:36:35'),
(45, 23, '4P3B0', '1976-03-27 13:49:47'),
(46, 29, '1KV78G67S22KY', '1992-10-25 18:03:05'),
(47, 43, 'Z523R223H4Q7QI', '1970-01-01 00:01:05'),
(48, 38, 'KEY7ULY16C46I3', '1972-12-11 05:35:44'),
(49, 24, 'C1ICVUXN', '2008-03-26 14:04:01'),
(50, 44, 'DY', '2020-03-11 19:19:26');

--
-- Inserting data into table `order`
--
INSERT INTO `order`(id_order, offer_id, booking_time, total_cost, user_id) VALUES
(1, 22, '00:09:24', 2512831, 34),
(2, 44, '03:30:52', -8140825, 13),
(3, 25, '00:00:07', 67, 41),
(4, 22, '04:17:15', -8001961, 7),
(5, 46, '04:38:17', -9359242, 43),
(6, 7, '21:48:58', 2206576, 28),
(7, 29, '00:13:22', -8, 4),
(8, 47, '05:33:53', 8581540, 28),
(9, 8, '06:35:22', 3370837, 45),
(10, 42, '12:57:36', -5723321, 32),
(11, 20, '06:48:07', 5627723, 24),
(12, 7, '00:00:10', 9, 28),
(13, 44, '00:04:59', -298, 19),
(14, 46, '16:59:03', 8693051, 18),
(15, 13, '03:45:30', -9150059, 9),
(16, 20, '17:05:28', 1122528, 2),
(17, 46, '18:35:36', 2023243, 28),
(18, 12, '13:00:18', -4483169, 40),
(19, 46, '00:00:07', 61, 14),
(20, 31, '18:40:26', 3532139, 34),
(21, 43, '07:42:08', -1925251, 48),
(22, 37, '00:43:36', -261, 39),
(23, 37, '08:05:31', -4881948, 20),
(24, 23, '05:23:01', -3065233, 16),
(25, 31, '13:21:05', 2062498, 23),
(26, 10, '03:25:15', 9529087, 25),
(27, 9, '05:01:04', 1843639, 34),
(28, 32, '19:07:56', -1942348, 45),
(29, 15, '03:00:52', 4926265, 16),
(30, 37, '11:48:09', -4975962, 11),
(31, 7, '17:00:10', -6348004, 25),
(32, 32, '00:55:30', -3329, 34),
(33, 19, '10:09:32', -4286974, 18),
(34, 24, '10:32:46', 2086577, 45),
(35, 37, '09:09:18', -1472219, 28),
(36, 8, '05:07:05', -9677390, 49),
(37, 1, '19:09:22', 6882864, 32),
(38, 47, '07:27:51', -7858904, 25),
(39, 17, '18:18:59', -6773640, 16),
(40, 34, '17:51:53', 958338, 38),
(41, 15, '02:09:16', 2476429, 46),
(42, 5, '00:00:08', 7, 24),
(43, 1, '17:37:50', -1905135, 47),
(44, 50, '12:52:51', -3711816, 23),
(45, 23, '01:17:30', -4075473, 44),
(46, 12, '00:01:32', 910, 20),
(47, 39, '04:48:53', -2509391, 33),
(48, 40, '09:21:27', -5473186, 32),
(49, 3, '19:08:55', 5019186, 43),
(50, 20, '12:00:54', -7178728, 33);

--
-- Inserting data into table props
--
INSERT INTO props(props_id, type, number_online_wallet, number_mobile, number_bank_card, name_type, wallet_id) VALUES
(1, 'mobile', '78705', '61373', '09756', 'Carlena2007', 27),
(2, 'mobile', '00890', '97611', '93689', 'Abreu1993', 39),
(3, 'online_wallet', '11330', '20366', '01312', 'Danica8', 6),
(4, 'mobile', '73063', '67340', '51514', 'Tomas1991', 9),
(5, 'online_wallet', '45069', '54239', '91468', 'Barb637', 36),
(6, 'bank_card', '68567', '67761', '20494', 'Chaya394', 32),
(7, 'bank_card', '61506', '72434', '58070', 'Jamie1981', 26),
(8, 'mobile', '67972', '72306', '48350', 'Adolfo1976', 40),
(9, 'bank_card', '30849', '04345', '64515', 'Tuck1978', 25),
(10, 'mobile', '16635', '83399', '58932', 'Armando891', 5),
(11, 'mobile', '90813', '73674', '44857', 'Elder964', 18),
(12, 'bank_card', '37386', '63667', '45975', 'Cyril7', 35),
(13, 'bank_card', '31080', '27633', '32933', 'Manning2019', 21),
(14, 'bank_card', '28286', '69020', '25154', 'Abrams561', 3),
(15, 'mobile', '78037', '81218', '27252', 'Bradford1968', 4),
(16, 'bank_card', '67598', '04253', '83485', 'Johnson166', 44),
(17, 'online_wallet', '22218', '71765', '38402', 'Alisha6', 36),
(18, 'bank_card', '88808', '97389', '12296', 'Janella948', 42),
(19, 'mobile', '75425', '59567', '78788', 'Kristofer1965', 39),
(20, 'bank_card', '92879', '84775', '17835', 'Enrique3', 29),
(21, 'bank_card', '16578', '66230', '03505', 'Jeni485', 44),
(22, 'mobile', '16823', '19366', '60100', 'Johnathon2011', 13),
(23, 'bank_card', '58306', '94285', '61528', 'Swan1994', 31),
(24, 'bank_card', '16648', '29804', '30834', 'Hyacinth6', 32),
(25, 'bank_card', '50285', '23648', '34691', 'Waterman677', 2),
(26, 'bank_card', '30734', '84972', '88891', 'Tamatha2022', 5),
(27, 'bank_card', '78553', '58345', '49560', 'Majors381', 42),
(28, 'mobile', '16069', '12528', '66835', 'Serna1985', 40),
(29, 'bank_card', '63666', '53689', '74765', 'Rickie288', 20),
(30, 'bank_card', '56926', '95518', '54527', 'Clarke1985', 10),
(31, 'mobile', '64920', '42245', '31648', 'Madelaine2025', 18),
(32, 'mobile', '25502', '23067', '23954', 'Abe681', 27),
(33, 'online_wallet', '97814', '31273', '13897', 'Anderson516', 4),
(34, 'bank_card', '11176', '98552', '46644', 'Lisa1992', 18),
(35, 'mobile', '07046', '56772', '98088', 'Alves2', 47),
(36, 'bank_card', '26960', '93876', '29018', 'Gill2016', 36),
(37, 'mobile', '00133', '23296', '61020', 'Weber454', 31),
(38, 'mobile', '01457', '50407', '24057', 'Meghann3', 10),
(39, 'online_wallet', '72949', '34448', '52695', 'Katina6', 2),
(40, 'mobile', '91838', '71994', '02691', 'Abby1957', 43),
(41, 'mobile', '34559', '35042', '18514', 'Ivan1970', 48),
(42, 'bank_card', '95778', '29191', '92470', 'Lorilee935', 20),
(43, 'bank_card', '98610', '10261', '75819', 'Zachariah8', 27),
(44, 'bank_card', '79901', '74265', '24342', 'Lillian2001', 10),
(45, 'bank_card', '38467', '87853', '64650', 'Alaine2003', 1),
(46, 'mobile', '16877', '40582', '10267', 'Santo683', 20),
(47, 'bank_card', '69384', '87679', '89174', 'Cordell2014', 6),
(48, 'bank_card', '55493', '19059', '21763', 'Moye157', 30),
(49, 'mobile', '76396', '56189', '70616', 'Breen2022', 12),
(50, 'online_wallet', '50300', '14543', '75969', 'Adkins851', 2);